Month,ISRC,Track,Gross,Net,Units
2022-11,GBKPL1802530,CR-V,703.2538,527.4404,217574
2022-11,GBKPL1806791,Mi Infinita,646.2605,484.6954,259516
2022-11,GBKPL1806792,Dontmakemefallinlove,7417.0995,5562.8246,2250435
2022-11,GBKPL1806793,Summer Time High Time,5734.2127,4300.6595,1763908
2022-11,GBKPL1806794,Lucy,339.0141,254.2606,153966
2022-11,GBKPL1816968,Drown,3802.9484,2852.2113,1069292
2022-11,GBKPL1820610,Amor de Siempre,288.1765,216.1324,95173
2022-11,GBKPL1897805,Sunnyside,486.4811,364.8608,138437
2022-11,NO-ISRC,Unknown,50.2319,42.6971,9
2022-11,USCGH1734814,One and Only,2587.1353,2199.065,775638
2022-11,USCGH1734815,Winter's Ballad,1610.0066,1368.5056,530652
2022-11,USCGH1734816,We Had to End It,2111.8959,1795.1115,840288
2022-11,USCGH1734817,Neon Baby,845.5581,718.7244,261328
2022-11,USCGH1734818,Stay for a Bit,662.1366,562.8161,210065
2022-11,USCGH1734819,Lava Lamp,2011.8138,1710.0418,676073
2022-11,USCGH1734820,"Rest Easy, I'll See You Again",393.8953,334.811,105403
2022-11,USCGH1734821,Lost / Heart,886.7333,753.7233,288983
2022-11,USCGH1734822,I've Left My Body and I Don't Want to Come Back,127.8598,108.6808,37049
2022-11,USDY41758677,Lo Que Siento,29060.6338,24701.5387,11525903
2022-11,USHM21643447,Lover Is a Day,28899.3346,24564.4344,13220663
2022-11,USHM21643448,Cupid's Quiver,1623.0262,1379.5723,511674
2022-11,USHM21643449,Amor de Siempre,9779.0672,8312.2071,4889440
2022-11,USHM21643450,When We Meet,316.095,268.6807,85906
2022-11,USHM21643451,Mindwinder,616.7247,524.216,204313
2022-11,USHM21643452,Lonelylife,534.9941,454.745,161256
2022-11,USHM21643453,1Night,511.9948,435.1955,156373
2022-12,GBKPL1802530,CR-V,608.2739,562.6534,181569
2022-12,GBKPL1806791,Mi Infinita,608.4055,562.7751,229836
2022-12,GBKPL1806792,Dontmakemefallinlove,6667.0672,6167.0372,1912735
2022-12,GBKPL1806793,Summer Time High Time,4885.2935,4518.8965,1427769
2022-12,GBKPL1806794,Lucy,311.0842,287.7529,140299
2022-12,GBKPL1816968,Drown,3377.6608,3124.3362,926833
2022-12,GBKPL1820610,Amor de Siempre,293.3118,271.3134,95330
2022-12,GBKPL1897805,Sunnyside,445.919,412.4751,125407
2022-12,NO-ISRC,Unknown,32.2,27.37,5
2022-12,USCGH1734814,One and Only,2264.7104,1925.0038,685432
2022-12,USCGH1734815,Winter's Ballad,1455.5086,1237.1823,477551
2022-12,USCGH1734816,We Had to End It,1631.8706,1387.09,513433
2022-12,USCGH1734817,Neon Baby,716.8371,609.3116,198220
2022-12,USCGH1734818,Stay for a Bit,601.4556,511.2372,157968
2022-12,USCGH1734819,Lava Lamp,1569.918,1334.4303,438851
2022-12,USCGH1734820,"Rest Easy, I'll See You Again",319.5001,271.5751,80274
2022-12,USCGH1734821,Lost / Heart,817.0985,694.5337,237764
2022-12,USCGH1734822,I've Left My Body and I Don't Want to Come Back,108.614,92.3219,28389
2022-12,USDY41758677,Lo Que Siento,26534.2644,22554.1247,9927328
2022-12,USHM21643447,Lover Is a Day,26762.8684,22748.4381,11154411
2022-12,USHM21643448,Cupid's Quiver,1516.4891,1289.0157,451126
2022-12,USHM21643449,Amor de Siempre,8642.7785,7346.3618,3781662
2022-12,USHM21643450,When We Meet,280.6038,238.5133,76949
2022-12,USHM21643451,Mindwinder,594.6402,505.4442,182849
2022-12,USHM21643452,Lonelylife,495.5424,421.211,145961
2022-12,USHM21643453,1Night,476.9371,405.3966,140423
2022-12,gbkpl1806792,Unknown,0.0217,0.0201,18
2022-12,gbkpl1806793,Unknown,0.0059,0.0055,5
2022-12,gbkpl1816968,Unknown,0.0045,0.0041,4
2022-12,uscgh1734816,Unknown,0.0038,0.0032,3
2022-12,uscgh1734821,Unknown,0.0013,0.0011,1
2022-12,usdy41758677,Unknown,1.5069,1.2809,1272
2022-12,ushm21643447,Unknown,0.016,0.0136,14
2022-12,ushm21643450,Unknown,0.0013,0.0011,1
2023-01,GBKPL1802530,CR-V,636.6246,588.8777,184176
2023-01,GBKPL1806791,Mi Infinita,642.3981,594.2183,242323
2023-01,GBKPL1806792,Dontmakemefallinlove,6876.5706,6360.8278,1972973
2023-01,GBKPL1806793,Summer Time High Time,4985.4316,4611.5242,1457782
2023-01,GBKPL1806794,Lucy,264.3595,244.5325,92854
2023-01,GBKPL1816968,Drown,3622.95,3351.2287,952530
2023-01,GBKPL1820610,Amor de Siempre,276.7555,255.9988,93090
2023-01,GBKPL1897805,Sunnyside,476.2444,440.5261,130281
2023-01,NO-ISRC,Unknown,47.2043,40.1237,8
2023-01,USCGH1734814,One and Only,2325.7793,1976.9124,594114
2023-01,USCGH1734815,Winter's Ballad,1557.1319,1323.5621,486327
2023-01,USCGH1734816,We Had to End It,1597.8365,1358.161,516869
2023-01,USCGH1734817,Neon Baby,784.1577,666.534,218881
2023-01,USCGH1734818,Stay for a Bit,588.3436,500.0921,157315
2023-01,USCGH1734819,Lava Lamp,1628.4192,1384.1563,459604
2023-01,USCGH1734820,"Rest Easy, I'll See You Again",349.8907,297.4071,85532
2023-01,USCGH1734821,Lost / Heart,838.0892,712.3758,243472
2023-01,USCGH1734822,I've Left My Body and I Don't Want to Come Back,118.5866,100.7986,30416
2023-01,USDY41758677,Lo Que Siento,26531.0987,22551.4339,9897497
2023-01,USHM21643447,Lover Is a Day,28434.4787,24169.3069,12390572
2023-01,USHM21643448,Cupid's Quiver,1664.5573,1414.8737,500677
2023-01,USHM21643449,Amor de Siempre,9350.4653,7947.8955,4229241
2023-01,USHM21643450,When We Meet,315.1194,267.8515,84634
2023-01,USHM21643451,Mindwinder,665.2506,565.463,204680
2023-01,USHM21643452,Lonelylife,537.0307,456.4761,158829
2023-01,USHM21643453,1Night,519.1729,441.297,153525
2023-02,GBKPL1802530,CR-V,627.5487,580.4826,291350
2023-02,GBKPL1806791,Mi Infinita,692.6722,640.7217,2107734
2023-02,GBKPL1806792,Dontmakemefallinlove,6746.561,6240.5689,4547290
2023-02,GBKPL1806793,Summer Time High Time,4888.4485,4521.8149,2329349
2023-02,GBKPL1806794,Lucy,236.4581,218.7237,64501
2023-02,GBKPL1816968,Drown,3676.7984,3401.0385,1154032
2023-02,GBKPL1820610,Amor de Siempre,291.56,269.693,165733
2023-02,GBKPL1897805,Sunnyside,496.8402,459.5771,164037
2023-02,NO-ISRC,Unknown,30.79,26.1715,5
2023-02,USCGH1734814,One and Only,2352.9402,1999.9992,837610
2023-02,USCGH1734815,Winter's Ballad,1655.7639,1407.3993,853934
2023-02,USCGH1734816,We Had to End It,1549.7351,1317.2748,1144583
2023-02,USCGH1734817,Neon Baby,814.9006,692.6655,298013
2023-02,USCGH1734818,Stay for a Bit,611.3974,519.6878,191939
2023-02,USCGH1734819,Lava Lamp,1624.3636,1380.7091,550626
2023-02,USCGH1734820,"Rest Easy, I'll See You Again",367.5122,312.3854,100151
2023-02,USCGH1734821,Lost / Heart,834.5161,709.3387,533244
2023-02,USCGH1734822,I've Left My Body and I Don't Want to Come Back,131.2574,111.5688,34926
2023-02,USDY41758677,Lo Que Siento,24774.311,21058.1643,67812167
2023-02,USHM21643447,Lover Is a Day,27551.6043,23418.8636,84938472
2023-02,USHM21643448,Cupid's Quiver,1725.0836,1466.3211,1479498
2023-02,USHM21643449,Amor de Siempre,9529.384,8099.9764,37473571
2023-02,USHM21643450,When We Meet,336.7645,286.2499,99234
2023-02,USHM21643451,Mindwinder,789.3342,670.9341,288458
2023-02,USHM21643452,Lonelylife,567.278,482.1863,182122
2023-02,USHM21643453,1Night,537.4286,456.8143,179421
2023-02,gbkpl1806792,Unknown,0.0184,0.017,15
2023-02,gbkpl1806793,Unknown,0.0098,0.0091,8
2023-02,gbkpl1816968,Unknown,0.0012,0.0011,1
2023-02,usdy41758677,Unknown,0.967,0.8219,790
2023-02,ushm21643447,Unknown,0.0589,0.0501,48
2023-03,GBKPL1802530,CR-V,593.4583,548.9489,174022
2023-03,GBKPL1806791,Mi Infinita,669.1585,618.9716,266040
2023-03,GBKPL1806792,Dontmakemefallinlove,6079.4682,5623.5081,1775764
2023-03,GBKPL1806793,Summer Time High Time,4598.6239,4253.7271,1370788
2023-03,GBKPL1806794,Lucy,215.6827,199.5065,56557
2023-03,GBKPL1816968,Drown,3214.4752,2973.3896,904506
2023-03,GBKPL1820610,Amor de Siempre,273.3824,252.8787,100217
2023-03,GBKPL1897805,Sunnyside,443.1094,409.8762,120454
2023-03,NO-ISRC,Unknown,60.245,51.9327,11
2023-03,USCGH1734814,One and Only,2013.9814,1711.8842,511861
2023-03,USCGH1734815,Winter's Ballad,1491.393,1267.684,449596
2023-03,USCGH1734816,We Had to End It,1466.826,1246.8021,467183
2023-03,USCGH1734817,Neon Baby,758.9191,645.0812,212543
2023-03,USCGH1734818,Stay for a Bit,549.8523,467.3744,150479
2023-03,USCGH1734819,Lava Lamp,1488.2424,1265.006,429779
2023-03,USCGH1734820,"Rest Easy, I'll See You Again",343.5639,292.0293,83431
2023-03,USCGH1734821,Lost / Heart,748.8094,636.488,216295
2023-03,USCGH1734822,I've Left My Body and I Don't Want to Come Back,113.6078,96.5666,28693
2023-03,USDY41758677,Lo Que Siento,23469.0688,19948.7085,9100771
2023-03,USHM21643447,Lover Is a Day,26087.4868,22174.3638,11496771
2023-03,USHM21643448,Cupid's Quiver,1618.1962,1375.4668,504080
2023-03,USHM21643449,Amor de Siempre,9257.9194,7869.2315,4448113
2023-03,USHM21643450,When We Meet,298.0322,253.3273,81563
2023-03,USHM21643451,Mindwinder,652.2487,554.4114,203511
2023-03,USHM21643452,Lonelylife,533.8794,453.7975,155125
2023-03,USHM21643453,1Night,493.5727,419.5368,149178
2023-03,gbkpl1806792,Unknown,0.0038,0.0035,3
2023-03,gbkpl1806793,Unknown,0.0038,0.0035,3
2023-03,gbkpl1806794,Unknown,0.0013,0.0012,1
2023-03,uscgh1734816,Unknown,0.0013,0.0011,1
2023-03,usdy41758677,Unknown,0.2808,0.2387,220
2023-03,ushm21643447,Unknown,0.0319,0.0271,25
2023-04,GBKPL1802530,CR-V,668.5455,618.4046,196530
2023-04,GBKPL1806791,Mi Infinita,744.1761,688.3629,296214
2023-04,GBKPL1806792,Dontmakemefallinlove,6590.9218,6096.6027,1941242
2023-04,GBKPL1806793,Summer Time High Time,5161.1144,4774.0309,1506845
2023-04,GBKPL1806794,Lucy,234.0938,216.5368,61882
2023-04,GBKPL1816968,Drown,3416.1968,3159.9821,931277
2023-04,GBKPL1820610,Amor de Siempre,300.3942,277.8646,109778
2023-04,GBKPL1897805,Sunnyside,503.393,465.6385,132263
2023-04,NO-ISRC,Unknown,47.9663,41.0863,9
2023-04,USCGH1734814,One and Only,2105.0785,1789.3167,538954
2023-04,USCGH1734815,Winter's Ballad,1605.5489,1364.7166,499657
2023-04,USCGH1734816,We Had to End It,1554.7285,1321.5193,517637
2023-04,USCGH1734817,Neon Baby,801.4466,681.2296,228425
2023-04,USCGH1734818,Stay for a Bit,572.2709,486.4303,158590
2023-04,USCGH1734819,Lava Lamp,1683.3276,1430.8284,493921
2023-04,USCGH1734820,"Rest Easy, I'll See You Again",352.3357,299.4853,87356
2023-04,USCGH1734821,Lost / Heart,786.152,668.2292,228601
2023-04,USCGH1734822,I've Left My Body and I Don't Want to Come Back,126.7313,107.7216,32190
2023-04,USDY41758677,Lo Que Siento,25625.0897,21781.3262,9798396
2023-04,USHM21643447,Lover Is a Day,27144.4899,23072.8164,11943762
2023-04,USHM21643448,Cupid's Quiver,1710.0735,1453.5625,553423
2023-04,USHM21643449,Amor de Siempre,10096.9887,8582.4404,4895879
2023-04,USHM21643450,When We Meet,325.4445,276.6278,89634
2023-04,USHM21643451,Mindwinder,720.876,612.7446,231407
2023-04,USHM21643452,Lonelylife,572.7461,486.8342,170683
2023-04,USHM21643453,1Night,535.5723,455.2365,164368
2023-04,gbkpl1802530,Unknown,0.0062,0.0057,5
2023-04,gbkpl1806793,Unknown,0.0025,0.0023,2
2023-04,gbkpl1816968,Unknown,0.0062,0.0057,5
2023-04,usdy41758677,Unknown,0.2484,0.2111,200
2023-04,ushm21643447,Unknown,0.0397,0.0338,32
2023-05,GBKPL1802530,CR-V,710.2611,656.9915,314096
2023-05,GBKPL1806791,Mi Infinita,849.9238,786.1796,1233030
2023-05,GBKPL1806792,Dontmakemefallinlove,7247.4329,6703.8754,3065434
2023-05,GBKPL1806793,Summer Time High Time,5945.7069,5499.7789,3468753
2023-05,GBKPL1806794,Lucy,258.5857,239.1917,75737
2023-05,GBKPL1816968,Drown,3824.886,3538.0196,1422863
2023-05,GBKPL1820610,Amor de Siempre,315.8571,292.1678,137228
2023-05,GBKPL1897805,Sunnyside,518.3218,479.4477,283550
2023-05,NO-ISRC,Unknown,71.4222,61.0871,13
2023-05,USCGH1734814,One and Only,2387.2623,2029.1729,1113823
2023-05,USCGH1734815,Winter's Ballad,1668.2459,1418.009,701056
2023-05,USCGH1734816,We Had to End It,1669.9912,1419.4925,710267
2023-05,USCGH1734817,Neon Baby,885.2687,752.4784,634200
2023-05,USCGH1734818,Stay for a Bit,615.3117,523.0149,242991
2023-05,USCGH1734819,Lava Lamp,1774.5294,1508.35,603269
2023-05,USCGH1734820,"Rest Easy, I'll See You Again",374.7994,318.5795,131982
2023-05,USCGH1734821,Lost / Heart,831.3218,706.6235,343603
2023-05,USCGH1734822,I've Left My Body and I Don't Want to Come Back,137.419,116.8062,31577
2023-05,USDY41758677,Lo Que Siento,31130.6742,26461.0731,39268890
2023-05,USHM21643447,Lover Is a Day,30678.9581,26077.1144,30847526
2023-05,USHM21643448,Cupid's Quiver,1791.7087,1522.9524,679407
2023-05,USHM21643449,Amor de Siempre,12156.063,10332.6536,30722027
2023-05,USHM21643450,When We Meet,346.0112,294.1096,98539
2023-05,USHM21643451,Mindwinder,723.0852,614.6224,244300
2023-05,USHM21643452,Lonelylife,615.3468,523.0448,214565
2023-05,USHM21643453,1Night,567.968,482.7728,209237
2023-05,gbkpl1802530,Unknown,0.0001,0.0001,1
2023-05,gbkpl1806792,Unknown,0.0036,0.0033,3
2023-05,gbkpl1806793,Unknown,0.0045,0.0041,4
2023-05,gbkpl1806794,Unknown,0.0,0.0,1
2023-05,gbkpl1816968,Unknown,0.0016,0.0015,2
2023-05,uscgh1734816,Unknown,0.0001,0.0001,1
2023-05,uscgh1734821,Unknown,0.0,0.0,1
2023-05,usdy41758677,Unknown,0.2267,0.1927,122
2023-05,ushm21643447,Unknown,0.039,0.0332,28
2023-05,ushm21643450,Unknown,0.0,0.0,1
2023-06,GBKPL1802530,CR-V,581.2583,537.664,355522
2023-06,GBKPL1806791,Mi Infinita,703.8447,651.0563,2605184
2023-06,GBKPL1806792,Dontmakemefallinlove,6081.3026,5625.2049,7530311
2023-06,GBKPL1806793,Summer Time High Time,4952.4528,4581.0188,2669774
2023-06,GBKPL1806794,Lucy,202.659,187.4596,58984
2023-06,GBKPL1816968,Drown,3158.6182,2921.7218,1199206
2023-06,GBKPL1820610,Amor de Siempre,270.8271,250.515,250859
2023-06,GBKPL1897805,Sunnyside,387.7826,358.6989,151026
2023-06,NO-ISRC,Unknown,37.8,32.13,6
2023-06,USCGH1734814,One and Only,1830.2694,1555.729,732305
2023-06,USCGH1734815,Winter's Ballad,1350.5455,1147.9637,881357
2023-06,USCGH1734816,We Had to End It,1434.9832,1219.7358,1006384
2023-06,USCGH1734817,Neon Baby,706.1546,600.2314,286168
2023-06,USCGH1734818,Stay for a Bit,503.0018,427.5515,202029
2023-06,USCGH1734819,Lava Lamp,1521.7435,1293.482,653423
2023-06,USCGH1734820,"Rest Easy, I'll See You Again",292.8718,248.9411,103531
2023-06,USCGH1734821,Lost / Heart,677.9295,576.24,603794
2023-06,USCGH1734822,I've Left My Body and I Don't Want to Come Back,107.4482,91.331,61271
2023-06,USDY41758677,Lo Que Siento,25799.8916,21929.9079,92605418
2023-06,USHM21643447,Lover Is a Day,27926.2069,23737.2759,132661638
2023-06,USHM21643448,Cupid's Quiver,1535.8928,1305.5089,742451
2023-06,USHM21643449,Amor de Siempre,10138.5185,8617.7407,41716256
2023-06,USHM21643450,When We Meet,276.4225,234.9591,87167
2023-06,USHM21643451,Mindwinder,629.478,535.0563,236540
2023-06,USHM21643452,Lonelylife,507.3156,431.2182,198266
2023-06,USHM21643453,1Night,492.7916,418.8728,181488
2023-06,gbkpl1806792,Unknown,0.0077,0.0071,6
2023-06,gbkpl1806793,Unknown,0.0013,0.0012,1
2023-06,gbkpl1816968,Unknown,0.009,0.0083,7
2023-06,usdy41758677,Unknown,0.1559,0.1325,121
2023-06,ushm21643447,Unknown,0.0657,0.0558,51
2023-07,GBKPL1802530,CR-V,541.5952,500.9755,158009
2023-07,GBKPL1806791,Mi Infinita,642.1,593.9425,258949
2023-07,GBKPL1806792,Dontmakemefallinlove,5322.6344,4923.4369,1555213
2023-07,GBKPL1806793,Summer Time High Time,4520.836,4181.7733,1292637
2023-07,GBKPL1806794,Lucy,176.3225,163.0983,48563
2023-07,GBKPL1816968,Drown,2882.7278,2666.5232,804187
2023-07,GBKPL1820610,Amor de Siempre,252.7823,233.8237,85846
2023-07,GBKPL1897805,Sunnyside,345.1646,319.2773,92914
2023-07,NO-ISRC,Unknown,38.249,32.8268,7
2023-07,USCGH1734814,One and Only,1658.0283,1409.3241,442764
2023-07,USCGH1734815,Winter's Ballad,1217.2332,1034.6482,386633
2023-07,USCGH1734816,We Had to End It,1326.1685,1127.2432,454282
2023-07,USCGH1734817,Neon Baby,636.1817,540.7544,183700
2023-07,USCGH1734818,Stay for a Bit,455.5706,387.235,132307
2023-07,USCGH1734819,Lava Lamp,1290.0667,1096.5567,387743
2023-07,USCGH1734820,"Rest Easy, I'll See You Again",260.4101,221.3486,68577
2023-07,USCGH1734821,Lost / Heart,623.8706,530.29,194036
2023-07,USCGH1734822,I've Left My Body and I Don't Want to Come Back,96.9679,82.4227,25890
2023-07,USDY41758677,Lo Que Siento,22488.6355,19115.3402,8109538
2023-07,USHM21643447,Lover Is a Day,24535.4683,20855.1481,10692349
2023-07,USHM21643448,Cupid's Quiver,1435.2197,1219.9368,479934
2023-07,USHM21643449,Amor de Siempre,9575.3905,8139.0819,4572395
2023-07,USHM21643450,When We Meet,253.7248,215.6661,74144
2023-07,USHM21643451,Mindwinder,573.971,487.8754,184688
2023-07,USHM21643452,Lonelylife,466.7517,396.7389,142458
2023-07,USHM21643453,1Night,429.6917,365.2379,134759
2023-07,gbkpl1806792,Unknown,0.0013,0.0012,1
2023-07,usdy41758677,Unknown,0.1339,0.1138,106
2023-07,ushm21643447,Unknown,0.048,0.0408,38
2023-08,GBKPL1802530,CR-V,551.9164,510.5226,166583
2023-08,GBKPL1806791,Mi Infinita,607.0271,561.5001,243006
2023-08,GBKPL1806792,Dontmakemefallinlove,5509.5861,5096.3672,1592530
2023-08,GBKPL1806793,Summer Time High Time,4664.2909,4314.4691,1346458
2023-08,GBKPL1806794,Lucy,187.4246,173.3677,50884
2023-08,GBKPL1816968,Drown,3178.8894,2940.4727,897217
2023-08,GBKPL1820610,Amor de Siempre,265.6012,245.6811,87733
2023-08,GBKPL1897805,Sunnyside,362.3339,335.1588,98901
2023-08,NO-ISRC,Unknown,12.6,10.71,2
2023-08,USCGH1734814,One and Only,1772.5871,1506.699,472454
2023-08,USCGH1734815,Winter's Ballad,1473.6346,1252.5894,651807
2023-08,USCGH1734816,We Had to End It,1330.1885,1130.6602,473289
2023-08,USCGH1734817,Neon Baby,649.3797,551.9728,185722
2023-08,USCGH1734818,Stay for a Bit,475.0773,403.8157,134711
2023-08,USCGH1734819,Lava Lamp,1327.7672,1128.6022,386533
2023-08,USCGH1734820,"Rest Easy, I'll See You Again",289.2807,245.8886,74740
2023-08,USCGH1734821,Lost / Heart,617.3282,524.729,186690
2023-08,USCGH1734822,I've Left My Body and I Don't Want to Come Back,102.4041,87.0435,27047
2023-08,USDY41758677,Lo Que Siento,23221.1588,19737.985,9228241
2023-08,USHM21643447,Lover Is a Day,24259.7062,20620.7503,11081726
2023-08,USHM21643448,Cupid's Quiver,1471.7358,1250.9754,493405
2023-08,USHM21643449,Amor de Siempre,9392.4724,7983.6016,4551688
2023-08,USHM21643450,When We Meet,270.5865,229.9985,77897
2023-08,USHM21643451,Mindwinder,582.8245,495.4009,184273
2023-08,USHM21643452,Lonelylife,467.6845,397.5318,141824
2023-08,USHM21643453,1Night,440.5804,374.4934,136330
2023-08,gbkpl1806792,Unknown,0.0013,0.0012,1
2023-08,gbkpl1816968,Unknown,0.0013,0.0012,1
2023-08,usdy41758677,Unknown,0.0919,0.0781,73
2023-08,ushm21643447,Unknown,0.0365,0.031,29
2023-08,ushm21643450,Unknown,0.0013,0.0011,1
2023-09,GBKPL1802530,CR-V,520.1343,481.1243,553699
2023-09,GBKPL1806791,Mi Infinita,623.4528,576.6939,2188595
2023-09,GBKPL1806792,Dontmakemefallinlove,5351.4351,4950.0774,5093229
2023-09,GBKPL1806793,Summer Time High Time,4421.5535,4089.937,3175069
2023-09,GBKPL1806794,Lucy,186.8531,172.8391,57878
2023-09,GBKPL1816968,Drown,2965.3431,2742.9424,1671502
2023-09,GBKPL1820610,Amor de Siempre,242.6037,224.4084,156863
2023-09,GBKPL1897805,Sunnyside,351.655,325.2809,167921
2023-09,NO-ISRC,Unknown,64.346,55.0734,11
2023-09,USCGH1734814,One and Only,1664.5764,1414.8899,721153
2023-09,USCGH1734815,Winter's Ballad,1281.5085,1089.2823,1822480
2023-09,USCGH1734816,We Had to End It,1352.1327,1149.3128,2582373
2023-09,USCGH1734817,Neon Baby,651.3412,553.6401,316141
2023-09,USCGH1734818,Stay for a Bit,465.74,395.879,176540
2023-09,USCGH1734819,Lava Lamp,1334.2319,1134.0971,546706
2023-09,USCGH1734820,"Rest Easy, I'll See You Again",279.7761,237.8097,101167
2023-09,USCGH1734821,Lost / Heart,608.3454,517.0936,477978
2023-09,USCGH1734822,I've Left My Body and I Don't Want to Come Back,101.9469,86.6548,28122
2023-09,USDY41758677,Lo Que Siento,23691.2623,20137.573,123546415
2023-09,USHM21643447,Lover Is a Day,24537.1428,20856.5714,243312074
2023-09,USHM21643448,Cupid's Quiver,1475.225,1253.9412,1148167
2023-09,USHM21643449,Amor de Siempre,9330.6467,7931.0497,71589864
2023-09,USHM21643450,When We Meet,267.2011,227.1209,83102
2023-09,USHM21643451,Mindwinder,603.1231,512.6546,240086
2023-09,USHM21643452,Lonelylife,452.3311,384.4814,163213
2023-09,USHM21643453,1Night,443.4549,376.9366,184338
2023-09,gbkpl1806793,Unknown,0.0172,0.016,14
2023-09,gbkpl1816968,Unknown,0.0012,0.0011,1
2023-09,usdy41758677,Unknown,0.0875,0.0743,71
2023-09,ushm21643447,Unknown,0.0986,0.0838,80
2023-09,ushm21643449,Unknown,0.0271,0.023,22
2023-10,GBKPL1802530,CR-V,503.0006,465.2755,142470
2023-10,GBKPL1806791,Mi Infinita,667.1597,617.1228,254254
2023-10,GBKPL1806792,Dontmakemefallinlove,5402.667,4997.4669,1511924
2023-10,GBKPL1806793,Summer Time High Time,4357.7299,4030.9002,1209516
2023-10,GBKPL1806794,Lucy,191.8071,177.4216,50523
2023-10,GBKPL1816968,Drown,3053.3715,2824.3686,812934
2023-10,GBKPL1820610,Amor de Siempre,245.3572,226.9554,79178
2023-10,GBKPL1897805,Sunnyside,354.6179,328.0216,93007
2023-10,NO-ISRC,Unknown,22.4,19.355,4
2023-10,USCGH1734814,One and Only,1725.0057,1466.2549,443362
2023-10,USCGH1734815,Winter's Ballad,1422.2015,1208.8713,442171
2023-10,USCGH1734816,We Had to End It,1415.5908,1203.2522,510089
2023-10,USCGH1734817,Neon Baby,692.8523,588.9244,188260
2023-10,USCGH1734818,Stay for a Bit,489.7881,416.3198,136210
2023-10,USCGH1734819,Lava Lamp,1386.5996,1178.6097,390780
2023-10,USCGH1734820,"Rest Easy, I'll See You Again",278.6561,236.8577,70233
2023-10,USCGH1734821,Lost / Heart,619.9292,526.9398,171612
2023-10,USCGH1734822,I've Left My Body and I Don't Want to Come Back,99.037,84.1814,25844
2023-10,USDY41758677,Lo Que Siento,24607.5852,20916.4474,8571298
2023-10,USHM21643447,Lover Is a Day,25959.3357,22065.4353,10457582
2023-10,USHM21643448,Cupid's Quiver,1583.2971,1345.8026,507085
2023-10,USHM21643449,Amor de Siempre,9495.2283,8070.944,4286688
2023-10,USHM21643450,When We Meet,279.1297,237.2602,78704
2023-10,USHM21643451,Mindwinder,612.9038,520.9683,184963
2023-10,USHM21643452,Lonelylife,466.441,396.4749,131590
2023-10,USHM21643453,1Night,472.8822,401.9498,141588
2023-10,gbkpl1806792,Unknown,0.0012,0.0011,1
2023-10,gbkpl1806793,Unknown,0.0059,0.0055,5
2023-10,uscgh1734822,Unknown,0.0012,0.001,1
2023-10,usdy41758677,Unknown,0.085,0.0723,72
2023-10,ushm21643447,Unknown,0.0555,0.0472,47
2023-10,ushm21643449,Unknown,0.0626,0.0532,53
2023-11,GBKPL1802530,CR-V,588.4565,544.3223,224535
2023-11,GBKPL1806791,Mi Infinita,779.3134,720.8649,1200622
2023-11,GBKPL1806792,Dontmakemefallinlove,6185.1666,5721.2791,2153362
2023-11,GBKPL1806793,Summer Time High Time,4928.4337,4558.8012,2618083
2023-11,GBKPL1806794,Lucy,229.6879,212.4613,72280
2023-11,GBKPL1816968,Drown,3558.5354,3291.6453,1146960
2023-11,GBKPL1820610,Amor de Siempre,267.4441,247.3858,110540
2023-11,GBKPL1897805,Sunnyside,443.9673,410.6697,160581
2023-11,NO-ISRC,Unknown,23.8078,20.2366,5
2023-11,USCGH1734814,One and Only,2070.7253,1760.1165,645188
2023-11,USCGH1734815,Winter's Ballad,1639.2044,1393.3237,842657
2023-11,USCGH1734816,We Had to End It,1823.2216,1549.7383,742858
2023-11,USCGH1734817,Neon Baby,848.1185,720.9007,867506
2023-11,USCGH1734818,Stay for a Bit,591.0938,502.4298,218274
2023-11,USCGH1734819,Lava Lamp,1657.1967,1408.6172,579557
2023-11,USCGH1734820,"Rest Easy, I'll See You Again",344.4398,292.7738,101824
2023-11,USCGH1734821,Lost / Heart,689.923,586.4345,216407
2023-11,USCGH1734822,I've Left My Body and I Don't Want to Come Back,135.7473,115.3852,33703
2023-11,USDY41758677,Lo Que Siento,28185.3228,23957.5244,33099525
2023-11,USHM21643447,Lover Is a Day,29962.9068,25468.4708,40119192
2023-11,USHM21643448,Cupid's Quiver,1880.0061,1598.0052,882169
2023-11,USHM21643449,Amor de Siempre,11521.0494,9792.892,31283816
2023-11,USHM21643450,When We Meet,339.1081,288.2418,97132
2023-11,USHM21643451,Mindwinder,732.7603,622.8463,296369
2023-11,USHM21643452,Lonelylife,533.0584,453.0996,159332
2023-11,USHM21643453,1Night,549.0851,466.7223,185787
2023-11,gbkpl1806792,Unknown,0.0206,0.019,19
2023-11,gbkpl1806793,Unknown,0.0035,0.0032,4
2023-11,gbkpl1816968,Unknown,0.0025,0.0023,3
2023-11,uscgh1734816,Unknown,0.0034,0.0029,3
2023-11,usdy41758677,Unknown,0.0866,0.0736,69
2023-11,ushm21643447,Unknown,0.0405,0.0344,34
2023-11,ushm21643449,Unknown,0.0102,0.0086,9
2023-12,GBKPL1802530,CR-V,504.5665,466.724,141714
2023-12,GBKPL1806791,Mi Infinita,687.0156,635.4895,275020
2023-12,GBKPL1806792,Dontmakemefallinlove,5309.1867,4910.9976,1546194
2023-12,GBKPL1806793,Summer Time High Time,4146.8739,3835.8584,1198056
2023-12,GBKPL1806794,Lucy,194.3203,179.7463,52445
2023-12,GBKPL1816968,Drown,3072.0237,2841.6219,829177
2023-12,GBKPL1820610,Amor de Siempre,226.0953,209.1381,72427
2023-12,GBKPL1897805,Sunnyside,346.5374,320.5471,92244
2023-12,NO-ISRC,Unknown,49.45,42.0325,8
2023-12,USCGH1734814,One and Only,1715.2766,1457.9851,446217
2023-12,USCGH1734815,Winter's Ballad,1460.5284,1241.4492,444428
2023-12,USCGH1734816,We Had to End It,1544.7982,1313.0784,568408
2023-12,USCGH1734817,Neon Baby,714.8958,607.6615,197447
2023-12,USCGH1734818,Stay for a Bit,524.1158,445.4984,144623
2023-12,USCGH1734819,Lava Lamp,1425.5304,1211.7008,411263
2023-12,USCGH1734820,"Rest Easy, I'll See You Again",280.7985,238.6787,72749
2023-12,USCGH1734821,Lost / Heart,577.7249,491.0662,159413
2023-12,USCGH1734822,I've Left My Body and I Don't Want to Come Back,113.9311,96.8414,31329
2023-12,USDY41758677,Lo Que Siento,25639.2759,21793.3845,8921855
2023-12,USHM21643447,Lover Is a Day,25209.3002,21427.9052,10062052
2023-12,USHM21643448,Cupid's Quiver,1754.5744,1491.3883,555925
2023-12,USHM21643449,Amor de Siempre,9956.894,8463.3599,4544725
2023-12,USHM21643450,When We Meet,288.9825,245.6351,84447
2023-12,USHM21643451,Mindwinder,654.6846,556.4819,203217
2023-12,USHM21643452,Lonelylife,448.3962,381.1368,128235
2023-12,USHM21643453,1Night,471.9695,401.1741,141626
2024-01,GBKPL1802530,CR-V,473.0661,437.5861,156135
2024-01,GBKPL1806791,Mi Infinita,653.7729,604.7399,269570
2024-01,GBKPL1806792,Dontmakemefallinlove,4992.0709,4617.6655,1554712
2024-01,GBKPL1806793,Summer Time High Time,3802.3699,3517.1921,1158523
2024-01,GBKPL1806794,Lucy,185.4522,171.5433,51993
2024-01,GBKPL1816968,Drown,2955.1266,2733.4921,857448
2024-01,GBKPL1820610,Amor de Siempre,217.1655,200.8781,73809
2024-01,GBKPL1897805,Sunnyside,340.2326,314.7151,104035
2024-01,NO-ISRC,Unknown,82945.5632,58022.9028,4849
2024-01,USCGH1734814,One and Only,1646.283,1399.3405,452637
2024-01,USCGH1734815,Winter's Ballad,1816.685,1544.1822,908012
2024-01,USCGH1734816,We Had to End It,1505.9226,1280.0342,606046
2024-01,USCGH1734817,Neon Baby,696.6118,592.12,199002
2024-01,USCGH1734818,Stay for a Bit,499.0472,424.1902,147667
2024-01,USCGH1734819,Lava Lamp,1350.6474,1148.0502,396392
2024-01,USCGH1734820,"Rest Easy, I'll See You Again",273.4076,232.3965,75573
2024-01,USCGH1734821,Lost / Heart,546.884,464.8514,161577
2024-01,USCGH1734822,I've Left My Body and I Don't Want to Come Back,104.691,88.9873,29144
2024-01,USDY41758677,Lo Que Siento,26671.5562,22670.8228,11568528
2024-01,USHM21643447,Lover Is a Day,24325.9905,20677.0919,9513592
2024-01,USHM21643448,Cupid's Quiver,1666.1182,1416.2005,549408
2024-01,USHM21643449,Amor de Siempre,9255.8885,7867.5052,4149197
2024-01,USHM21643450,When We Meet,277.588,235.9498,81417
2024-01,USHM21643451,Mindwinder,649.6165,552.174,206927
2024-01,USHM21643452,Lonelylife,422.8342,359.4091,122011
2024-01,USHM21643453,1Night,432.0702,367.2597,131523
2024-02,GBKPL1802530,CR-V,474.8667,439.2517,143853
2024-02,GBKPL1806791,Mi Infinita,626.8109,579.8001,280676
2024-02,GBKPL1806792,Dontmakemefallinlove,4994.3538,4619.7773,1491034
2024-02,GBKPL1806793,Summer Time High Time,3718.4819,3439.5958,1114043
2024-02,GBKPL1806794,Lucy,185.1347,171.2496,51452
2024-02,GBKPL1816968,Drown,3127.7076,2893.1296,863815
2024-02,GBKPL1820610,Amor de Siempre,220.6018,204.0567,76911
2024-02,GBKPL1897805,Sunnyside,355.9671,329.2696,100146
2024-02,NO-ISRC,Unknown,527.44,371.098,29
2024-02,USCGH1734814,One and Only,1732.3141,1472.467,480249
2024-02,USCGH1734815,Winter's Ballad,1385.3066,1177.5106,500969
2024-02,USCGH1734816,We Had to End It,1500.7438,1275.6322,610503
2024-02,USCGH1734817,Neon Baby,700.9164,595.779,216716
2024-02,USCGH1734818,Stay for a Bit,509.9644,433.4697,157299
2024-02,USCGH1734819,Lava Lamp,1345.3829,1143.5755,431221
2024-02,USCGH1734820,"Rest Easy, I'll See You Again",282.7639,240.3494,76955
2024-02,USCGH1734821,Lost / Heart,557.0378,473.4821,166584
2024-02,USCGH1734822,I've Left My Body and I Don't Want to Come Back,106.7643,90.7497,29546
2024-02,USDY41758677,Lo Que Siento,23552.7974,20019.8779,9700995
2024-02,USHM21643447,Lover Is a Day,24227.693,20593.5391,10170587
2024-02,USHM21643448,Cupid's Quiver,1632.9885,1388.0403,553628
2024-02,USHM21643449,Amor de Siempre,9058.3736,7699.6175,4531517
2024-02,USHM21643450,When We Meet,292.4255,248.5617,86180
2024-02,USHM21643451,Mindwinder,601.786,511.5181,195215
2024-02,USHM21643452,Lonelylife,439.5078,373.5817,132111
2024-02,USHM21643453,1Night,426.2491,362.3117,134391
2024-02,gbkpl1802530,Unknown,0.0012,0.0012,1
2024-02,gbkpl1806792,Unknown,0.0348,0.0322,30
2024-02,gbkpl1806793,Unknown,0.0878,0.0812,76
2024-02,gbkpl1816968,Unknown,0.0047,0.0044,4
2024-02,uscgh1734816,Unknown,0.0046,0.0039,4
2024-02,uscgh1734817,Unknown,0.0012,0.0011,1
2024-02,uscgh1734821,Unknown,0.0012,0.0011,1
2024-02,usdy41758677,Unknown,0.2862,0.2433,245
2024-02,ushm21643447,Unknown,0.3748,0.3186,322
2024-02,ushm21643448,Unknown,0.0046,0.0039,4
2024-02,ushm21643449,Unknown,0.0845,0.0718,73
2024-02,ushm21643451,Unknown,0.0012,0.0011,1
2024-03,GBKPL1802530,CR-V,414.9074,383.7894,545186
2024-03,GBKPL1806791,Mi Infinita,618.4263,572.0444,7142733
2024-03,GBKPL1806792,Dontmakemefallinlove,4537.9809,4197.6324,4585095
2024-03,GBKPL1806793,Summer Time High Time,3614.2026,3343.1375,2883188
2024-03,GBKPL1806794,Lucy,168.9454,156.2745,136813
2024-03,GBKPL1816968,Drown,2723.0005,2518.7755,1879698
2024-03,GBKPL1820610,Amor de Siempre,214.6929,198.5909,444145
2024-03,GBKPL1897805,Sunnyside,302.1106,279.4523,185652
2024-03,NO-ISRC,Unknown,582.19,408.478,30
2024-03,USCGH1734814,One and Only,1525.8893,1297.006,873172
2024-03,USCGH1734815,Winter's Ballad,1289.1092,1095.7428,4505470
2024-03,USCGH1734816,We Had to End It,1757.1769,1493.6004,9078676
2024-03,USCGH1734817,Neon Baby,669.0416,568.6854,357930
2024-03,USCGH1734818,Stay for a Bit,491.2425,417.5562,614475
2024-03,USCGH1734819,Lava Lamp,1193.9929,1014.894,637359
2024-03,USCGH1734820,"Rest Easy, I'll See You Again",251.6206,213.8776,119903
2024-03,USCGH1734821,Lost / Heart,506.1976,430.268,634263
2024-03,USCGH1734822,I've Left My Body and I Don't Want to Come Back,96.1377,81.7171,29041
2024-03,USDY41758677,Lo Que Siento,23647.5875,20100.4495,212811804
2024-03,USHM21643447,Lover Is a Day,26705.2233,22624.4397,494982554
2024-03,USHM21643448,Cupid's Quiver,1547.6869,1315.5339,2024130
2024-03,USHM21643449,Amor de Siempre,9088.3029,7725.0575,127709370
2024-03,USHM21643450,When We Meet,258.1715,219.4458,94948
2024-03,USHM21643451,Mindwinder,536.7591,456.2453,235732
2024-03,USHM21643452,Lonelylife,404.1196,343.5017,170361
2024-03,USHM21643453,1Night,376.5044,320.0287,277567
2024-04,GBKPL1802530,CR-V,419.8001,388.3151,223375
2024-04,GBKPL1806791,Mi Infinita,634.6652,587.0653,1565048
2024-04,GBKPL1806792,Dontmakemefallinlove,4764.9717,4407.5988,3067143
2024-04,GBKPL1806793,Summer Time High Time,3751.3949,3470.0402,1493352
2024-04,GBKPL1806794,Lucy,179.3243,165.875,98741
2024-04,GBKPL1816968,Drown,2783.9408,2575.1452,772777
2024-04,GBKPL1820610,Amor de Siempre,212.7846,196.8258,244733
2024-04,GBKPL1897805,Sunnyside,308.8557,285.6915,120466
2024-04,NO-ISRC,Unknown,586.802,481.3247,1142
2024-04,USCGH1734814,One and Only,1501.2906,1276.097,507133
2024-04,USCGH1734815,Winter's Ballad,1254.185,1066.0573,729718
2024-04,USCGH1734816,We Had to End It,1579.9844,1342.9868,2458688
2024-04,USCGH1734817,Neon Baby,661.6319,562.3871,261732
2024-04,USCGH1734818,Stay for a Bit,506.9434,430.9019,357389
2024-04,USCGH1734819,Lava Lamp,1200.901,1020.7658,460625
2024-04,USCGH1734820,"Rest Easy, I'll See You Again",251.6437,213.8972,86235
2024-04,USCGH1734821,Lost / Heart,508.5475,432.2654,268210
2024-04,USCGH1734822,I've Left My Body and I Don't Want to Come Back,89.4795,76.0576,25907
2024-04,USDY41758677,Lo Que Siento,22610.3911,19218.8325,39393692
2024-04,USHM21643447,Lover Is a Day,24796.8513,21077.3237,123513591
2024-04,USHM21643448,Cupid's Quiver,1595.824,1356.4504,1175542
2024-04,USHM21643449,Amor de Siempre,9075.5932,7714.2543,27351094
2024-04,USHM21643450,When We Meet,255.7037,217.3482,92064
2024-04,USHM21643451,Mindwinder,525.6783,446.8266,205174
2024-04,USHM21643452,Lonelylife,406.6227,345.6293,145374
2024-04,USHM21643453,1Night,388.0311,329.8264,132114
2024-05,GBKPL1802530,CR-V,425.6232,393.7015,349002
2024-05,GBKPL1806791,Mi Infinita,646.063,597.6083,1631398
2024-05,GBKPL1806792,Dontmakemefallinlove,4744.1176,4388.3088,2260806
2024-05,GBKPL1806793,Summer Time High Time,3707.4217,3429.3651,1412616
2024-05,GBKPL1806794,Lucy,175.1662,162.0288,87999
2024-05,GBKPL1816968,Drown,2870.2984,2655.026,804567
2024-05,GBKPL1820610,Amor de Siempre,196.9566,182.1848,184998
2024-05,GBKPL1897805,Sunnyside,309.6478,286.4242,140394
2024-05,NO-ISRC,Unknown,870.99,612.633,47
2024-05,USCGH1734814,One and Only,1533.5536,1303.5206,545929
2024-05,USCGH1734815,Winter's Ballad,1190.1499,1011.6274,734557
2024-05,USCGH1734816,We Had to End It,1531.9089,1302.1226,2785958
2024-05,USCGH1734817,Neon Baby,676.5301,575.0506,287610
2024-05,USCGH1734818,Stay for a Bit,526.1717,447.2459,302500
2024-05,USCGH1734819,Lava Lamp,1174.1864,998.0584,489208
2024-05,USCGH1734820,"Rest Easy, I'll See You Again",249.3727,211.9668,77855
2024-05,USCGH1734821,Lost / Heart,519.5853,441.6475,437675
2024-05,USCGH1734822,I've Left My Body and I Don't Want to Come Back,93.9232,79.8347,26919
2024-05,USDY41758677,Lo Que Siento,21475.9469,18254.5549,46350773
2024-05,USHM21643447,Lover Is a Day,21873.3418,18592.3406,101242292
2024-05,USHM21643448,Cupid's Quiver,1631.7487,1386.9864,1988955
2024-05,USHM21643449,Amor de Siempre,8660.4178,7361.3552,25712105
2024-05,USHM21643450,When We Meet,263.6638,224.1143,84862
2024-05,USHM21643451,Mindwinder,518.9116,441.0748,191267
2024-05,USHM21643452,Lonelylife,409.0354,347.6801,132862
2024-05,USHM21643453,1Night,379.3529,322.45,137892
2024-06,GBKPL1802530,CR-V,377.9598,349.6128,432224
2024-06,GBKPL1806791,Mi Infinita,664.4975,614.6602,3898291
2024-06,GBKPL1806792,Dontmakemefallinlove,4226.6984,3909.696,4772902
2024-06,GBKPL1806793,Summer Time High Time,3455.2559,3196.1117,2936650
2024-06,GBKPL1806794,Lucy,159.2792,147.3333,133265
2024-06,GBKPL1816968,Drown,2595.4011,2400.746,1306556
2024-06,GBKPL1820610,Amor de Siempre,179.9397,166.4442,252579
2024-06,GBKPL1897805,Sunnyside,275.0726,254.4422,224372
2024-06,NO-ISRC,Unknown,1085.42,770.372,62
2024-06,USCGH1734814,One and Only,1343.8588,1142.2801,852758
2024-06,USCGH1734815,Winter's Ballad,1194.0454,1014.9386,2025018
2024-06,USCGH1734816,We Had to End It,1535.589,1305.2507,9448004
2024-06,USCGH1734817,Neon Baby,699.7028,594.7474,1823331
2024-06,USCGH1734818,Stay for a Bit,512.6972,435.7927,562842
2024-06,USCGH1734819,Lava Lamp,1095.6895,931.3361,1048997
2024-06,USCGH1734820,"Rest Easy, I'll See You Again",235.5974,200.2578,150280
2024-06,USCGH1734821,Lost / Heart,472.7293,401.8199,392240
2024-06,USCGH1734822,I've Left My Body and I Don't Want to Come Back,91.058,77.3993,30522
2024-06,USDY41758677,Lo Que Siento,21521.0938,18292.9297,111906371
2024-06,USHM21643447,Lover Is a Day,22600.6763,19210.5749,189432089
2024-06,USHM21643448,Cupid's Quiver,1513.4219,1286.4086,2849911
2024-06,USHM21643449,Amor de Siempre,9645.4257,8198.6118,86560094
2024-06,USHM21643450,When We Meet,255.6367,217.2912,338648
2024-06,USHM21643451,Mindwinder,491.2083,417.527,507586
2024-06,USHM21643452,Lonelylife,378.8671,322.0371,204105
2024-06,USHM21643453,1Night,371.2469,315.5599,239365
2024-06,gbkpl1806792,Unknown,0.0038,0.0035,1
2024-06,gbkpl1806793,Unknown,0.0013,0.0012,1
2024-06,gbkpl1816968,Unknown,0.0007,0.0006,1
2024-06,uscgh1734816,Unknown,0.0004,0.0004,1
2024-06,uscgh1734821,Unknown,0.0001,0.0001,1
2024-06,usdy41758677,Unknown,0.2445,0.2078,1
2024-06,ushm21643447,Unknown,0.0036,0.003,1
2024-06,ushm21643450,Unknown,0.0001,0.0001,1
2024-07,GBKPL1802530,CR-V,413.6716,382.6463,223201
2024-07,GBKPL1806791,Mi Infinita,651.9519,603.0556,1189764
2024-07,GBKPL1806792,Dontmakemefallinlove,4489.1367,4152.4515,3069071
2024-07,GBKPL1806793,Summer Time High Time,3910.3314,3617.0565,1424914
2024-07,GBKPL1806794,Lucy,173.2441,160.2507,61772
2024-07,GBKPL1816968,Drown,2731.2939,2526.4469,805594
2024-07,GBKPL1820610,Amor de Siempre,185.9149,171.9713,139441
2024-07,GBKPL1897805,Sunnyside,284.601,263.256,101430
2024-07,NO-ISRC,Unknown,3517.1598,2463.9019,226
2024-07,USCGH1734814,One and Only,1369.9925,1164.4936,1244931
2024-07,USCGH1734815,Winter's Ballad,1203.8012,1023.231,733928
2024-07,USCGH1734816,We Had to End It,1621.9224,1378.6341,2535797
2024-07,USCGH1734817,Neon Baby,699.2753,594.384,320421
2024-07,USCGH1734818,Stay for a Bit,546.4213,464.4581,250895
2024-07,USCGH1734819,Lava Lamp,1263.5196,1073.9916,664465
2024-07,USCGH1734820,"Rest Easy, I'll See You Again",247.9527,210.7598,88981
2024-07,USCGH1734821,Lost / Heart,503.5713,428.0356,235376
2024-07,USCGH1734822,I've Left My Body and I Don't Want to Come Back,97.8554,83.1771,27259
2024-07,USDY41758677,Lo Que Siento,20405.5605,17344.7265,48035533
2024-07,USHM21643447,Lover Is a Day,22093.3848,18779.377,113532992
2024-07,USHM21643448,Cupid's Quiver,1788.3768,1520.1203,2399435
2024-07,USHM21643449,Amor de Siempre,8665.0274,7365.2733,18252519
2024-07,USHM21643450,When We Meet,274.7943,233.5751,81588
2024-07,USHM21643451,Mindwinder,531.5865,451.8485,192831
2024-07,USHM21643452,Lonelylife,415.246,352.9591,139457
2024-07,USHM21643453,1Night,436.9249,371.3861,173186
2024-08,GBKPL1802530,CR-V,425.4034,393.4982,344010
2024-08,GBKPL1806791,Mi Infinita,652.1845,603.2706,1211697
2024-08,GBKPL1806792,Dontmakemefallinlove,4596.6226,4251.8759,2424948
2024-08,GBKPL1806793,Summer Time High Time,4021.602,3719.9819,1350029
2024-08,GBKPL1806794,Lucy,180.1673,166.6547,57520
2024-08,GBKPL1816968,Drown,3004.1154,2778.8067,843101
2024-08,GBKPL1820610,Amor de Siempre,174.1904,161.1262,119078
2024-08,GBKPL1897805,Sunnyside,298.3688,275.9912,104051
2024-08,NO-ISRC,Unknown,522.6,369.39,31
2024-08,USCGH1734814,One and Only,1486.7986,1263.7789,556985
2024-08,USCGH1734815,Winter's Ballad,1231.0608,1046.4017,687755
2024-08,USCGH1734816,We Had to End It,1619.9701,1376.9746,1774645
2024-08,USCGH1734817,Neon Baby,729.5094,620.083,314413
2024-08,USCGH1734818,Stay for a Bit,541.0712,459.9105,210079
2024-08,USCGH1734819,Lava Lamp,1365.0828,1160.3204,826936
2024-08,USCGH1734820,"Rest Easy, I'll See You Again",265.2574,225.4688,93297
2024-08,USCGH1734821,Lost / Heart,515.3433,438.0418,195355
2024-08,USCGH1734822,I've Left My Body and I Don't Want to Come Back,101.0256,85.8718,27598
2024-08,USDY41758677,Lo Que Siento,20043.8426,17037.2662,38072174
2024-08,USHM21643447,Lover Is a Day,21291.7847,18098.017,100560489
2024-08,USHM21643448,Cupid's Quiver,1744.8611,1483.132,1252303
2024-08,USHM21643449,Amor de Siempre,8378.588,7121.7998,14981209
2024-08,USHM21643450,When We Meet,275.3195,234.0216,79938
2024-08,USHM21643451,Mindwinder,538.0879,457.3747,189807
2024-08,USHM21643452,Lonelylife,426.4508,362.4832,139428
2024-08,USHM21643453,1Night,448.34,381.089,180847
2024-09,GBKPL1802530,CR-V,388.5282,359.3886,243940
2024-09,GBKPL1806791,Mi Infinita,611.2198,565.3783,2001712
2024-09,GBKPL1806792,Dontmakemefallinlove,4295.2398,3973.0969,2804416
2024-09,GBKPL1806793,Summer Time High Time,3536.8269,3271.5648,1880684
2024-09,GBKPL1806794,Lucy,167.4916,154.9297,105065
2024-09,GBKPL1816968,Drown,2889.7813,2673.0477,1386545
2024-09,GBKPL1820610,Amor de Siempre,172.2459,159.3275,124173
2024-09,GBKPL1897805,Sunnyside,275.237,254.5942,153117
2024-09,NO-ISRC,Unknown,310.5012,266.0103,26
2024-09,USCGH1734814,One and Only,1380.0993,1173.0844,606080
2024-09,USCGH1734815,Winter's Ballad,1131.4899,961.7664,1090206
2024-09,USCGH1734816,We Had to End It,1453.8089,1235.7376,1564833
2024-09,USCGH1734817,Neon Baby,664.7538,565.0407,1030486
2024-09,USCGH1734818,Stay for a Bit,487.0015,413.9513,338140
2024-09,USCGH1734819,Lava Lamp,1105.0059,939.255,472725
2024-09,USCGH1734820,"Rest Easy, I'll See You Again",237.2449,201.6581,78498
2024-09,USCGH1734821,Lost / Heart,465.8356,395.9603,221638
2024-09,USCGH1734822,I've Left My Body and I Don't Want to Come Back,86.8543,73.8262,25247
2024-09,USDY41758677,Lo Que Siento,19857.7299,16879.0703,59682985
2024-09,USHM21643447,Lover Is a Day,22116.7759,18799.2596,119607437
2024-09,USHM21643448,Cupid's Quiver,1630.0713,1385.5607,1750169
2024-09,USHM21643449,Amor de Siempre,8990.3028,7641.7574,43454268
2024-09,USHM21643450,When We Meet,236.4907,201.0171,83005
2024-09,USHM21643451,Mindwinder,506.7015,430.6963,622958
2024-09,USHM21643452,Lonelylife,386.1479,328.2257,155719
2024-09,USHM21643453,1Night,410.1446,348.6229,190327
2024-10,GBKPL1802530,CR-V,445.0148,411.6387,204481
2024-10,GBKPL1806791,Mi Infinita,661.3675,611.765,665866
2024-10,GBKPL1806792,Dontmakemefallinlove,4523.9933,4184.6938,1979357
2024-10,GBKPL1806793,Summer Time High Time,3690.0628,3413.308,1153339
2024-10,GBKPL1806794,Lucy,194.8131,180.2021,65770
2024-10,GBKPL1816968,Drown,3006.8861,2781.3697,1333068
2024-10,GBKPL1820610,Amor de Siempre,179.2731,165.8276,74381
2024-10,GBKPL1897805,Sunnyside,388.8726,359.7071,119718
2024-10,NO-ISRC,Unknown,4443.0275,3113.4764,267
2024-10,USCGH1734814,One and Only,1582.3601,1345.0061,623539
2024-10,USCGH1734815,Winter's Ballad,1377.1967,1170.6172,582332
2024-10,USCGH1734816,We Had to End It,1776.2034,1509.7729,1735682
2024-10,USCGH1734817,Neon Baby,764.2774,649.6358,264309
2024-10,USCGH1734818,Stay for a Bit,565.1038,480.3383,243171
2024-10,USCGH1734819,Lava Lamp,1377.9366,1171.2461,474753
2024-10,USCGH1734820,"Rest Easy, I'll See You Again",266.5633,226.5788,72223
2024-10,USCGH1734821,Lost / Heart,511.3849,434.6772,193464
2024-10,USCGH1734822,I've Left My Body and I Don't Want to Come Back,103.6433,88.0968,27161
2024-10,USDY41758677,Lo Que Siento,20092.0703,17078.2597,31099735
2024-10,USHM21643447,Lover Is a Day,22923.2518,19484.764,69759465
2024-10,USHM21643448,Cupid's Quiver,1874.3829,1593.2254,844093
2024-10,USHM21643449,Amor de Siempre,9695.1849,8240.9071,29631866
2024-10,USHM21643450,When We Meet,273.1365,232.1661,77141
2024-10,USHM21643451,Mindwinder,568.5581,483.2744,184155
2024-10,USHM21643452,Lonelylife,427.8709,363.6903,136011
2024-10,USHM21643453,1Night,467.4592,397.3403,160559
2024-11,GBKPL1802530,CR-V,468.9736,433.8006,450975
2024-11,GBKPL1806791,Mi Infinita,773.9366,715.8914,3420073
2024-11,GBKPL1806792,Dontmakemefallinlove,4944.9092,4574.041,2520787
2024-11,GBKPL1806793,Summer Time High Time,3948.5726,3652.4297,2582695
2024-11,GBKPL1806794,Lucy,200.7149,185.6613,108680
2024-11,GBKPL1816968,Drown,3363.3346,3111.0846,1369124
2024-11,GBKPL1820610,Amor de Siempre,204.6792,189.3283,946506
2024-11,GBKPL1897805,Sunnyside,450.2919,416.52,209483
2024-11,NO-ISRC,Unknown,3211.5774,2256.8561,175
2024-11,USCGH1734814,One and Only,2111.1442,1952.8083,879922
2024-11,USCGH1734815,Winter's Ballad,1638.3235,1515.4493,2366811
2024-11,USCGH1734816,We Had to End It,3073.7801,2843.2466,6589704
2024-11,USCGH1734817,Neon Baby,927.8449,858.2566,1552780
2024-11,USCGH1734818,Stay for a Bit,711.9931,658.5936,503295
2024-11,USCGH1734819,Lava Lamp,1592.5871,1473.1431,945026
2024-11,USCGH1734820,"Rest Easy, I'll See You Again",320.0757,296.0701,125823
2024-11,USCGH1734821,Lost / Heart,602.6086,557.413,257251
2024-11,USCGH1734822,I've Left My Body and I Don't Want to Come Back,118.5336,109.6436,31762
2024-11,USDY41758677,Lo Que Siento,23132.8522,21397.8883,58343695
2024-11,USHM21643447,Lover Is a Day,25762.096,23829.9389,126655769
2024-11,USHM21643448,Cupid's Quiver,2148.9782,1987.8049,2368477
2024-11,USHM21643449,Amor de Siempre,12790.1819,11830.9183,85116559
2024-11,USHM21643450,When We Meet,319.9957,295.996,103590
2024-11,USHM21643451,Mindwinder,652.202,603.2868,912426
2024-11,USHM21643452,Lonelylife,501.6828,464.0566,434260
2024-11,USHM21643453,1Night,535.6408,495.4677,210999
2024-12,GBKPL1802530,CR-V,345.2012,319.3111,102357
2024-12,GBKPL1806791,Mi Infinita,623.2839,576.5376,283970
2024-12,GBKPL1806792,Dontmakemefallinlove,4070.4424,3765.1592,1206188
2024-12,GBKPL1806793,Summer Time High Time,3070.4682,2840.183,932751
2024-12,GBKPL1806794,Lucy,154.4541,142.87,47490
2024-12,GBKPL1816968,Drown,2727.7604,2523.1783,741787
2024-12,GBKPL1820610,Amor de Siempre,168.78,156.1215,58020
2024-12,GBKPL1897805,Sunnyside,294.9499,272.8286,81103
2024-12,NO-ISRC,Unknown,7538.1786,5774.1862,354
2024-12,USCGH1734814,One and Only,1647.5408,1523.9752,412697
2024-12,USCGH1734815,Winter's Ballad,1478.7419,1367.8362,452177
2024-12,USCGH1734816,We Had to End It,2042.2521,1889.0832,777411
2024-12,USCGH1734817,Neon Baby,701.9347,649.2896,203224
2024-12,USCGH1734818,Stay for a Bit,578.1725,534.8096,176723
2024-12,USCGH1734819,Lava Lamp,1182.3315,1093.6566,343161
2024-12,USCGH1734820,"Rest Easy, I'll See You Again",253.0879,234.1063,67777
2024-12,USCGH1734821,Lost / Heart,487.685,451.1086,147082
2024-12,USCGH1734822,I've Left My Body and I Don't Want to Come Back,89.4747,82.7641,24251
2024-12,USDY41758677,Lo Que Siento,19006.0235,17580.5718,7019994
2024-12,USHM21643447,Lover Is a Day,20911.8828,19343.4915,8466565
2024-12,USHM21643448,Cupid's Quiver,1754.1601,1622.5981,560682
2024-12,USHM21643449,Amor de Siempre,9873.7876,9133.2535,4046293
2024-12,USHM21643450,When We Meet,252.3457,233.4198,72568
2024-12,USHM21643451,Mindwinder,504.3891,466.5599,156219
2024-12,USHM21643452,Lonelylife,390.8187,361.5073,131949
2024-12,USHM21643453,1Night,412.7488,381.7926,128044
2025-01,GBKPL1802530,CR-V,344.4964,318.6593,318716
2025-01,GBKPL1806791,Mi Infinita,739.3319,683.882,2474394
2025-01,GBKPL1806792,Dontmakemefallinlove,4041.0127,3737.9367,2238020
2025-01,GBKPL1806793,Summer Time High Time,3325.7292,3076.2996,5599237
2025-01,GBKPL1806794,Lucy,160.286,148.2646,61715
2025-01,GBKPL1816968,Drown,2709.4359,2506.2283,988654
2025-01,GBKPL1820610,Amor de Siempre,163.93,151.6353,867436
2025-01,GBKPL1897805,Sunnyside,309.3418,286.1412,110342
2025-01,NO-ISRC,Unknown,1795.1201,1259.104,97
2025-01,USCGH1734814,One and Only,1678.2806,1552.4096,592201
2025-01,USCGH1734815,Winter's Ballad,1476.147,1365.4361,1254919
2025-01,USCGH1734816,We Had to End It,2067.1093,1912.0762,5342370
2025-01,USCGH1734817,Neon Baby,747.5625,691.4953,341246
2025-01,USCGH1734818,Stay for a Bit,657.8869,608.5454,480780
2025-01,USCGH1734819,Lava Lamp,1267.8293,1172.7422,753017
2025-01,USCGH1734820,"Rest Easy, I'll See You Again",277.5245,256.7102,111437
2025-01,USCGH1734821,Lost / Heart,503.81,466.0243,225104
2025-01,USCGH1734822,I've Left My Body and I Don't Want to Come Back,94.807,87.6965,25582
2025-01,USDY41758677,Lo Que Siento,18837.5962,17424.7764,58667342
2025-01,USHM21643447,Lover Is a Day,21298.0563,19700.7021,117073377
2025-01,USHM21643448,Cupid's Quiver,1841.0751,1702.9945,1265234
2025-01,USHM21643449,Amor de Siempre,10085.497,9329.0849,54754858
2025-01,USHM21643450,When We Meet,267.9209,247.8268,78445
2025-01,USHM21643451,Mindwinder,560.8209,518.7593,220587
2025-01,USHM21643452,Lonelylife,415.3379,384.1876,232689
2025-01,USHM21643453,1Night,449.1987,415.5088,165906
2025-02,GBKPL1802530,CR-V,339.9973,314.4975,197142
2025-02,GBKPL1806791,Mi Infinita,660.526,610.9865,3906076
2025-02,GBKPL1806792,Dontmakemefallinlove,4164.426,3852.094,2446808
2025-02,GBKPL1806793,Summer Time High Time,3010.9167,2785.0979,1107716
2025-02,GBKPL1806794,Lucy,161.4649,149.3551,56255
2025-02,GBKPL1816968,Drown,2893.2122,2676.2213,837415
2025-02,GBKPL1820610,Amor de Siempre,156.5159,144.7772,129477
2025-02,GBKPL1897805,Sunnyside,307.3981,284.3432,95630
2025-02,NO-ISRC,Unknown,797.4044,568.8131,48
2025-02,USCGH1734814,One and Only,1788.1397,1654.0293,590617
2025-02,USCGH1734815,Winter's Ballad,1382.4454,1278.7619,857862
2025-02,USCGH1734816,We Had to End It,2143.5892,1982.82,4639351
2025-02,USCGH1734817,Neon Baby,729.0781,674.3973,679603
2025-02,USCGH1734818,Stay for a Bit,608.8576,563.1933,311059
2025-02,USCGH1734819,Lava Lamp,1213.414,1122.408,629682
2025-02,USCGH1734820,"Rest Easy, I'll See You Again",278.3012,257.4286,81199
2025-02,USCGH1734821,Lost / Heart,505.0582,467.1789,191949
2025-02,USCGH1734822,I've Left My Body and I Don't Want to Come Back,91.2965,84.4492,24851
2025-02,USDY41758677,Lo Que Siento,17264.1618,15969.3498,25276684
2025-02,USHM21643447,Lover Is a Day,19938.718,18443.3141,54679106
2025-02,USHM21643448,Cupid's Quiver,1751.7708,1620.388,1078295
2025-02,USHM21643449,Amor de Siempre,8434.4257,7801.8437,20952495
2025-02,USHM21643450,When We Meet,292.8146,270.8535,86589
2025-02,USHM21643451,Mindwinder,524.4863,485.1499,203485
2025-02,USHM21643452,Lonelylife,405.4887,375.0771,161975
2025-02,USHM21643453,1Night,409.5778,378.8594,140653
2025-03,GBKPL1802530,CR-V,331.1456,306.3096,343650
2025-03,GBKPL1806791,Mi Infinita,696.5356,644.2955,2980545
2025-03,GBKPL1806792,Dontmakemefallinlove,3866.5113,3576.523,2442065
2025-03,GBKPL1806793,Summer Time High Time,2965.752,2743.3205,1880703
2025-03,GBKPL1806794,Lucy,156.275,144.5544,100202
2025-03,GBKPL1816968,Drown,2859.1374,2644.7021,1244355
2025-03,GBKPL1820610,Amor de Siempre,158.2722,146.4018,116377
2025-03,GBKPL1897805,Sunnyside,288.1539,266.5424,136597
2025-03,NO-ISRC,Unknown,1441.0485,1017.2544,87
2025-03,USCGH1734814,One and Only,1615.087,1493.9555,1001812
2025-03,USCGH1734815,Winter's Ballad,1506.0333,1393.0808,1702279
2025-03,USCGH1734816,We Had to End It,2511.616,2323.2448,14257098
2025-03,USCGH1734817,Neon Baby,735.4763,680.3156,1495569
2025-03,USCGH1734818,Stay for a Bit,584.0951,540.2879,437820
2025-03,USCGH1734819,Lava Lamp,1141.3809,1055.7773,637566
2025-03,USCGH1734820,"Rest Easy, I'll See You Again",265.0972,245.2149,94180
2025-03,USCGH1734821,Lost / Heart,492.121,455.2119,248757
2025-03,USCGH1734822,I've Left My Body and I Don't Want to Come Back,86.2814,79.8103,25589
2025-03,USDY41758677,Lo Que Siento,18934.521,17514.4318,62669952
2025-03,USHM21643447,Lover Is a Day,21335.268,19735.1227,86923777
2025-03,USHM21643448,Cupid's Quiver,1748.702,1617.5494,3116250
2025-03,USHM21643449,Amor de Siempre,9908.2852,9165.1637,64787543
2025-03,USHM21643450,When We Meet,261.9535,242.307,99556
2025-03,USHM21643451,Mindwinder,528.4944,488.8574,1050525
2025-03,USHM21643452,Lonelylife,387.5759,358.5077,185307
2025-03,USHM21643453,1Night,381.5406,352.9251,168739
2025-04,GBKPL1802530,CR-V,342.6061,316.9107,196501
2025-04,GBKPL1806791,Mi Infinita,645.1438,596.7581,1215886
2025-04,GBKPL1806792,Dontmakemefallinlove,4178.8633,3865.4484,1984694
2025-04,GBKPL1806793,Summer Time High Time,3119.2488,2885.3051,1108149
2025-04,GBKPL1806794,Lucy,163.4252,151.1683,57714
2025-04,GBKPL1816968,Drown,2922.0074,2702.8568,875391
2025-04,GBKPL1820610,Amor de Siempre,153.9551,142.4084,70209
2025-04,GBKPL1897805,Sunnyside,286.7691,265.2614,97211
2025-04,NO-ISRC,Unknown,1066.6078,748.9695,61
2025-04,USCGH1734814,One and Only,1611.0921,1490.2602,544131
2025-04,USCGH1734815,Winter's Ballad,1306.4618,1208.4771,654237
2025-04,USCGH1734816,We Had to End It,2646.5108,2448.0224,15670180
2025-04,USCGH1734817,Neon Baby,687.1631,635.6258,278724
2025-04,USCGH1734818,Stay for a Bit,587.087,543.0555,225456
2025-04,USCGH1734819,Lava Lamp,1146.7834,1060.7747,436639
2025-04,USCGH1734820,"Rest Easy, I'll See You Again",262.0113,242.3604,72279
2025-04,USCGH1734821,Lost / Heart,497.7531,460.4216,186500
2025-04,USCGH1734822,I've Left My Body and I Don't Want to Come Back,89.0717,82.3914,23872
2025-04,USDY41758677,Lo Que Siento,18618.6407,17222.2425,51028704
2025-04,USHM21643447,Lover Is a Day,22424.721,20742.8665,83536978
2025-04,USHM21643448,Cupid's Quiver,1736.6361,1606.3884,921227
2025-04,USHM21643449,Amor de Siempre,9050.6889,8371.8871,34561445
2025-04,USHM21643450,When We Meet,277.2835,256.4873,80102
2025-04,USHM21643451,Mindwinder,498.4598,461.0753,183186
2025-04,USHM21643452,Lonelylife,400.5921,370.5477,143541
2025-04,USHM21643453,1Night,395.3502,365.6989,132547
2025-05,GBKPL1802530,CR-V,347.478,321.4171,195616
2025-05,GBKPL1806791,Mi Infinita,670.8356,620.523,1205718
2025-05,GBKPL1806792,Dontmakemefallinlove,4283.0741,3961.8436,1825402
2025-05,GBKPL1806793,Summer Time High Time,3221.1204,2979.5363,1349715
2025-05,GBKPL1806794,Lucy,160.0942,148.0872,51334
2025-05,GBKPL1816968,Drown,3085.8825,2854.4413,921551
2025-05,GBKPL1820610,Amor de Siempre,153.3419,141.8412,63672
2025-05,GBKPL1897805,Sunnyside,294.4055,272.3252,96600
2025-05,NO-ISRC,Unknown,726.15,523.5015,45
2025-05,USCGH1734814,One and Only,1749.4215,1618.2149,600221
2025-05,USCGH1734815,Winter's Ballad,1280.6153,1184.5691,605950
2025-05,USCGH1734816,We Had to End It,2928.801,2709.141,19463331
2025-05,USCGH1734817,Neon Baby,694.1691,642.1064,236195
2025-05,USCGH1734818,Stay for a Bit,602.0598,556.9053,242493
2025-05,USCGH1734819,Lava Lamp,1155.1799,1068.5414,383006
2025-05,USCGH1734820,"Rest Easy, I'll See You Again",271.4978,251.1354,75508
2025-05,USCGH1734821,Lost / Heart,511.8364,473.4487,193205
2025-05,USCGH1734822,I've Left My Body and I Don't Want to Come Back,90.02,83.2685,24380
2025-05,USDY41758677,Lo Que Siento,19179.1779,17740.7396,40698699
2025-05,USHM21643447,Lover Is a Day,23897.9548,22105.6083,86348464
2025-05,USHM21643448,Cupid's Quiver,1736.7536,1606.4971,1898109
2025-05,USHM21643449,Amor de Siempre,9139.9382,8454.4428,34456356
2025-05,USHM21643450,When We Meet,289.9124,268.169,82438
2025-05,USHM21643451,Mindwinder,496.7175,459.4637,172833
2025-05,USHM21643452,Lonelylife,399.2496,369.3059,141002
2025-05,USHM21643453,1Night,383.8264,355.0395,124733
2025-06,GBKPL1802530,CR-V,330.7537,305.9472,198919
2025-06,GBKPL1806791,Mi Infinita,637.7349,589.9047,1352964
2025-06,GBKPL1806792,Dontmakemefallinlove,4045.9617,3742.5146,2364970
2025-06,GBKPL1806793,Summer Time High Time,3135.8818,2900.6907,1530311
2025-06,GBKPL1806794,Lucy,147.7483,136.6672,52982
2025-06,GBKPL1816968,Drown,2797.399,2587.5941,917306
2025-06,GBKPL1820610,Amor de Siempre,147.2037,136.1634,62728
2025-06,GBKPL1897805,Sunnyside,272.8063,252.3459,87421
2025-06,NO-ISRC,Unknown,10001.3479,8340.9621,1996
2025-06,USCGH1734814,One and Only,1490.1428,1378.3821,476796
2025-06,USCGH1734815,Winter's Ballad,1176.2261,1088.0091,536015
2025-06,USCGH1734816,We Had to End It,2911.1393,2692.8038,17839680
2025-06,USCGH1734817,Neon Baby,668.9657,618.7933,222593
2025-06,USCGH1734818,Stay for a Bit,568.2541,525.635,235926
2025-06,USCGH1734819,Lava Lamp,1096.2398,1014.0218,373708
2025-06,USCGH1734820,"Rest Easy, I'll See You Again",281.6623,260.5376,78073
2025-06,USCGH1734821,Lost / Heart,497.8188,460.4824,197315
2025-06,USCGH1734822,I've Left My Body and I Don't Want to Come Back,85.367,78.9645,23616
2025-06,USDY41758677,Lo Que Siento,20439.6806,18906.7045,52985170
2025-06,USHM21643447,Lover Is a Day,24162.2541,22350.0851,95116767
2025-06,USHM21643448,Cupid's Quiver,1632.7729,1510.3149,762149
2025-06,USHM21643449,Amor de Siempre,9595.9292,8876.2346,30874289
2025-06,USHM21643450,When We Meet,230.4577,213.1734,70323
2025-06,USHM21643451,Mindwinder,489.7517,453.0203,187232
2025-06,USHM21643452,Lonelylife,377.6129,349.2919,140127
2025-06,USHM21643453,1Night,352.7316,326.2767,116198
2025-07,GBKPL1802530,CR-V,329.5292,304.8145,239780
2025-07,GBKPL1806791,Mi Infinita,649.2066,600.5161,3422110
2025-07,GBKPL1806792,Dontmakemefallinlove,4130.5858,3820.7919,3587765
2025-07,GBKPL1806793,Summer Time High Time,3488.5345,3226.8943,1530089
2025-07,GBKPL1806794,Lucy,151.6484,140.2747,51254
2025-07,GBKPL1816968,Drown,2923.1612,2703.9241,901197
2025-07,GBKPL1820610,Amor de Siempre,139.192,128.7526,59431
2025-07,GBKPL1897805,Sunnyside,268.5764,248.4332,81140
2025-07,NO-ISRC,Unknown,5226.6011,4184.7385,1170
2025-07,USCGH1734814,One and Only,1463.2847,1353.5383,472175
2025-07,USCGH1734815,Winter's Ballad,1180.0457,1091.5423,529543
2025-07,USCGH1734816,We Had to End It,3250.0385,3006.2855,26226704
2025-07,USCGH1734817,Neon Baby,629.6688,582.4437,220508
2025-07,USCGH1734818,Stay for a Bit,547.86,506.7705,257227
2025-07,USCGH1734819,Lava Lamp,1097.2874,1014.9909,350363
2025-07,USCGH1734820,"Rest Easy, I'll See You Again",264.7427,244.887,81157
2025-07,USCGH1734821,Lost / Heart,492.0518,455.1479,2748760
2025-07,USCGH1734822,I've Left My Body and I Don't Want to Come Back,85.7768,79.3435,23966
2025-07,USDY41758677,Lo Que Siento,19157.1325,17720.3475,30996637
2025-07,USHM21643447,Lover Is a Day,26175.3477,24212.1967,71710323
2025-07,USHM21643448,Cupid's Quiver,1602.8015,1482.5914,1928443
2025-07,USHM21643449,Amor de Siempre,9933.6834,9188.6571,32171853
2025-07,USHM21643450,When We Meet,218.8434,202.4302,64085
2025-07,USHM21643451,Mindwinder,482.8103,446.5995,167767
2025-07,USHM21643452,Lonelylife,370.2743,342.5037,125236
2025-07,USHM21643453,1Night,339.6903,314.2135,117807
2025-08,GBKPL1802530,Unknown,0.0,0.0,233522
2025-08,GBKPL1806791,Unknown,0.0,0.0,2174462
2025-08,GBKPL1806792,Unknown,0.0,0.0,2408252
2025-08,GBKPL1806793,Unknown,0.0,0.0,2713013
2025-08,GBKPL1806794,Unknown,0.0,0.0,51251
2025-08,GBKPL1816968,Unknown,0.0,0.0,1097042
2025-08,GBKPL1820610,Unknown,0.0,0.0,58048
2025-08,GBKPL1897805,Unknown,0.0,0.0,102659
2025-08,NO-ISRC,Unknown,0.0,0.0,15
2025-08,USCGH1734814,Unknown,0.0,0.0,537330
2025-08,USCGH1734815,Unknown,0.0,0.0,1040902
2025-08,USCGH1734816,Unknown,0.0,0.0,29722701
2025-08,USCGH1734817,Unknown,0.0,0.0,270776
2025-08,USCGH1734818,Unknown,0.0,0.0,305425
2025-08,USCGH1734819,Unknown,0.0,0.0,364064
2025-08,USCGH1734820,Unknown,0.0,0.0,82862
2025-08,USCGH1734821,Unknown,0.0,0.0,941961
2025-08,USCGH1734822,Unknown,0.0,0.0,26241
2025-08,USDY41758677,Unknown,0.0,0.0,43078596
2025-08,USHM21643447,Unknown,0.0,0.0,88739922
2025-08,USHM21643448,Unknown,0.0,0.0,1991073
2025-08,USHM21643449,Unknown,0.0,0.0,55681586
2025-08,USHM21643450,Unknown,0.0,0.0,70034
2025-08,USHM21643451,Unknown,0.0,0.0,170445
2025-08,USHM21643452,Unknown,0.0,0.0,128713
2025-08,USHM21643453,Unknown,0.0,0.0,117317
2025-09,GBKPL1802530,CR-V,330.0525,305.2985,301630
2025-09,GBKPL1806791,Mi Infinita,731.2518,676.408,2725966
2025-09,GBKPL1806792,Dontmakemefallinlove,2850.1668,2636.4042,1962255
2025-09,GBKPL1806793,Summer Time High Time,2111.1103,1952.777,1560539
2025-09,GBKPL1806794,Lucy,161.2684,149.1733,122044
2025-09,GBKPL1816968,Drown,2089.659,1932.9346,970050
2025-09,GBKPL1820610,Amor de Siempre,143.7916,133.0072,88681
2025-09,GBKPL1897805,Sunnyside,278.9909,258.0666,131881
2025-09,NO-ISRC,Unknown,2366.942,2054.7858,94
2025-09,USCGH1734814,One and Only,1561.3833,1444.2795,1007744
2025-09,USCGH1734815,Winter's Ballad,1417.7219,1311.3928,1950865
2025-09,USCGH1734816,We Had to End It,2509.7656,2321.5331,31072122
2025-09,USCGH1734817,Neon Baby,727.2629,672.7182,747068
2025-09,USCGH1734818,Stay for a Bit,603.3786,558.1252,492100
2025-09,USCGH1734819,Lava Lamp,1191.4415,1102.0834,500322
2025-09,USCGH1734820,"Rest Easy, I'll See You Again",274.1612,253.5991,89102
2025-09,USCGH1734821,Lost / Heart,550.4432,509.16,450109
2025-09,USCGH1734822,I've Left My Body and I Don't Want to Come Back,89.2533,82.5593,24219
2025-09,USDY41758677,Lo Que Siento,10019.6323,9268.16,61607384
2025-09,USHM21643447,Lover Is a Day,13928.8938,12884.2267,128241153
2025-09,USHM21643448,Cupid's Quiver,1708.7022,1580.5495,2324574
2025-09,USHM21643449,Amor de Siempre,7927.2487,7332.7051,70677020
2025-09,USHM21643450,When We Meet,234.01,216.4593,104608
2025-09,USHM21643451,Mindwinder,501.3868,463.7828,552690
2025-09,USHM21643452,Lonelylife,379.6383,351.1654,190208
2025-09,USHM21643453,1Night,363.2852,336.0388,146586
2025-10,GBKPL1802530,CR-V,351.2414,324.8983,168540
2025-10,GBKPL1806791,Mi Infinita,762.0468,704.8933,1810144
2025-10,GBKPL1806792,Dontmakemefallinlove,4443.2197,4109.9781,1767292
2025-10,GBKPL1806793,Summer Time High Time,3422.4224,3165.7407,2068931
2025-10,GBKPL1806794,Lucy,199.2153,184.2741,82216
2025-10,GBKPL1816968,Drown,3294.1782,3047.1149,1282376
2025-10,GBKPL1820610,Amor de Siempre,150.3983,139.1184,75013
2025-10,GBKPL1897805,Sunnyside,321.6629,297.5382,112842
2025-10,NO-ISRC,Unknown,904.2381,638.3618,50
2025-10,USCGH1734814,One and Only,1683.9101,1557.6169,643961
2025-10,USCGH1734815,Winter's Ballad,1681.6273,1555.5052,1096847
2025-10,USCGH1734816,We Had to End It,4385.3249,4056.4256,2920373
2025-10,USCGH1734817,Neon Baby,825.3104,763.4121,858995
2025-10,USCGH1734818,Stay for a Bit,662.2274,612.5603,289862
2025-10,USCGH1734819,Lava Lamp,1440.1077,1332.0997,582338
2025-10,USCGH1734820,"Rest Easy, I'll See You Again",301.899,279.2565,92222
2025-10,USCGH1734821,Lost / Heart,596.2933,551.5713,208203
2025-10,USCGH1734822,I've Left My Body and I Don't Want to Come Back,105.6049,97.6845,27352
2025-10,USDY41758677,Lo Que Siento,22393.0955,20713.6134,27861486
2025-10,USHM21643447,Lover Is a Day,29451.712,27242.8336,62130987
2025-10,USHM21643448,Cupid's Quiver,1877.5499,1736.7336,2551944
2025-10,USHM21643449,Amor de Siempre,12459.3723,11524.9194,38348333
2025-10,USHM21643450,When We Meet,273.204,252.7137,117374
2025-10,USHM21643451,Mindwinder,606.8872,561.3706,682350
2025-10,USHM21643452,Lonelylife,409.9379,379.1926,189018
2025-10,USHM21643453,1Night,393.3498,363.8485,147627
2025-11,GBKPL1802530,CR-V,374.468,346.3829,341565
2025-11,GBKPL1806791,Mi Infinita,796.3547,736.6281,3819570
2025-11,GBKPL1806792,Dontmakemefallinlove,4915.3041,4546.6563,2765438
2025-11,GBKPL1806793,Summer Time High Time,3538.5134,3273.1249,1889357
2025-11,GBKPL1806794,Lucy,221.61,204.9893,157685
2025-11,GBKPL1816968,Drown,3369.0314,3116.3541,1085028
2025-11,GBKPL1820610,Amor de Siempre,153.2712,141.7758,81064
2025-11,GBKPL1897805,Sunnyside,350.4553,324.1712,130946
2025-11,NO-ISRC,Unknown,313.5603,228.6048,21
2025-11,USCGH1734814,One and Only,2001.3174,1851.2186,876355
2025-11,USCGH1734815,Winter's Ballad,1859.4301,1719.9728,1075007
2025-11,USCGH1734816,We Had to End It,6140.3885,5679.8594,80148811
2025-11,USCGH1734817,Neon Baby,893.5378,826.5225,349440
2025-11,USCGH1734818,Stay for a Bit,742.4033,686.723,430715
2025-11,USCGH1734819,Lava Lamp,1728.2035,1598.5882,789503
2025-11,USCGH1734820,"Rest Easy, I'll See You Again",333.3024,308.3047,100457
2025-11,USCGH1734821,Lost / Heart,635.6823,588.0062,437628
2025-11,USCGH1734822,I've Left My Body and I Don't Want to Come Back,115.1626,106.5254,30745
2025-11,USDY41758677,Lo Que Siento,25854.7767,23915.6684,153447144
2025-11,USHM21643447,Lover Is a Day,31529.8514,29165.1124,188030768
2025-11,USHM21643448,Cupid's Quiver,1991.8975,1842.5052,1076515
2025-11,USHM21643449,Amor de Siempre,13168.9989,12181.324,69600320
2025-11,USHM21643450,When We Meet,282.3557,261.1791,100258
2025-11,USHM21643451,Mindwinder,687.6658,636.0909,316101
2025-11,USHM21643452,Lonelylife,450.8037,416.9934,157348
2025-11,USHM21643453,1Night,460.7398,426.1843,159293
